{
    "counter": {
        "ACTIVE": 701,
        "INACTIVE": 3,
        "INVALID": 0,
        "MALICIOUS": 0,
        "SANE": 0,
        "VALID": 0,
        "total": 704
    },
    "percentage": {
        "ACTIVE": 99.57386363636364,
        "INACTIVE": 5.2631578947368425,
        "INVALID": 0,
        "MALICIOUS": 0,
        "SANE": 0,
        "VALID": 0,
        "total": 104.83702153110048
    }
}