{
    "counter": {
        "ACTIVE": 699,
        "INACTIVE": 1,
        "INVALID": 0,
        "MALICIOUS": 0,
        "SANE": 0,
        "VALID": 0,
        "total": 700
    },
    "percentage": {
        "ACTIVE": 99.85714285714286,
        "INACTIVE": 0.1763668430335097,
        "INVALID": 0,
        "MALICIOUS": 0,
        "SANE": 0,
        "VALID": 0,
        "total": 100.03350970017637
    }
}