{
    "counter": {
        "ACTIVE": 703,
        "INACTIVE": 1,
        "INVALID": 0,
        "MALICIOUS": 0,
        "SANE": 0,
        "VALID": 0,
        "total": 704
    },
    "percentage": {
        "ACTIVE": 99.85795454545455,
        "INACTIVE": 0.9523809523809523,
        "INVALID": 0,
        "MALICIOUS": 0,
        "SANE": 0,
        "VALID": 0,
        "total": 100.8103354978355
    }
}