{
    "counter": {
        "ACTIVE": 701,
        "INACTIVE": 1,
        "INVALID": 0,
        "MALICIOUS": 0,
        "SANE": 0,
        "VALID": 0,
        "total": 702
    },
    "percentage": {
        "ACTIVE": 99.85754985754986,
        "INACTIVE": 0.5291005291005291,
        "INVALID": 0,
        "MALICIOUS": 0,
        "SANE": 0,
        "VALID": 0,
        "total": 100.38665038665039
    }
}