{
    "counter": {
        "ACTIVE": 704,
        "INACTIVE": 2,
        "INVALID": 0,
        "MALICIOUS": 0,
        "SANE": 0,
        "VALID": 0,
        "total": 706
    },
    "percentage": {
        "ACTIVE": 99.71671388101983,
        "INACTIVE": 0.9433962264150944,
        "INVALID": 0,
        "MALICIOUS": 0,
        "SANE": 0,
        "VALID": 0,
        "total": 100.66011010743492
    }
}