{
    "counter": {
        "ACTIVE": 706,
        "INACTIVE": 2,
        "INVALID": 0,
        "MALICIOUS": 0,
        "SANE": 0,
        "VALID": 0,
        "total": 708
    },
    "percentage": {
        "ACTIVE": 99.71751412429379,
        "INACTIVE": 0.398406374501992,
        "INVALID": 0,
        "MALICIOUS": 0,
        "SANE": 0,
        "VALID": 0,
        "total": 100.11592049879577
    }
}