{
    "counter": {
        "ACTIVE": 701,
        "INACTIVE": 2,
        "INVALID": 0,
        "MALICIOUS": 0,
        "SANE": 0,
        "VALID": 0,
        "total": 703
    },
    "percentage": {
        "ACTIVE": 99.71550497866288,
        "INACTIVE": 0.29673590504451036,
        "INVALID": 0,
        "MALICIOUS": 0,
        "SANE": 0,
        "VALID": 0,
        "total": 100.01224088370739
    }
}