{
    "counter": {
        "ACTIVE": 702,
        "INACTIVE": 1,
        "INVALID": 0,
        "MALICIOUS": 0,
        "SANE": 0,
        "VALID": 0,
        "total": 703
    },
    "percentage": {
        "ACTIVE": 99.85775248933143,
        "INACTIVE": 2.0833333333333335,
        "INVALID": 0,
        "MALICIOUS": 0,
        "SANE": 0,
        "VALID": 0,
        "total": 101.94108582266476
    }
}