{
    "counter": {
        "ACTIVE": 688,
        "INACTIVE": 1,
        "INVALID": 0,
        "MALICIOUS": 0,
        "SANE": 0,
        "VALID": 0,
        "total": 689
    },
    "percentage": {
        "ACTIVE": 99.85486211901306,
        "INACTIVE": 0.6578947368421053,
        "INVALID": 0,
        "MALICIOUS": 0,
        "SANE": 0,
        "VALID": 0,
        "total": 100.51275685585517
    }
}