{
    "counter": {
        "ACTIVE": 709,
        "INACTIVE": 2,
        "INVALID": 0,
        "MALICIOUS": 0,
        "SANE": 0,
        "VALID": 0,
        "total": 711
    },
    "percentage": {
        "ACTIVE": 99.71870604781998,
        "INACTIVE": 0.3597122302158273,
        "INVALID": 0,
        "MALICIOUS": 0,
        "SANE": 0,
        "VALID": 0,
        "total": 100.07841827803581
    }
}