{
    "counter": {
        "ACTIVE": 703,
        "INACTIVE": 1,
        "INVALID": 0,
        "MALICIOUS": 0,
        "SANE": 0,
        "VALID": 0,
        "total": 704
    },
    "percentage": {
        "ACTIVE": 99.85795454545455,
        "INACTIVE": 0.5291005291005291,
        "INVALID": 0,
        "MALICIOUS": 0,
        "SANE": 0,
        "VALID": 0,
        "total": 100.38705507455508
    }
}