{
    "counter": {
        "ACTIVE": 698,
        "INACTIVE": 1,
        "INVALID": 0,
        "MALICIOUS": 0,
        "SANE": 0,
        "VALID": 0,
        "total": 699
    },
    "percentage": {
        "ACTIVE": 99.85693848354792,
        "INACTIVE": 16.666666666666668,
        "INVALID": 0,
        "MALICIOUS": 0,
        "SANE": 0,
        "VALID": 0,
        "total": 116.52360515021459
    }
}