{
    "counter": {
        "ACTIVE": 689,
        "INACTIVE": 4,
        "INVALID": 0,
        "MALICIOUS": 0,
        "SANE": 0,
        "VALID": 0,
        "total": 693
    },
    "percentage": {
        "ACTIVE": 99.42279942279943,
        "INACTIVE": 0.6956521739130435,
        "INVALID": 0,
        "MALICIOUS": 0,
        "SANE": 0,
        "VALID": 0,
        "total": 100.11845159671248
    }
}