{
    "counter": {
        "ACTIVE": 696,
        "INACTIVE": 2,
        "INVALID": 0,
        "MALICIOUS": 0,
        "SANE": 0,
        "VALID": 0,
        "total": 698
    },
    "percentage": {
        "ACTIVE": 99.7134670487106,
        "INACTIVE": 0.970873786407767,
        "INVALID": 0,
        "MALICIOUS": 0,
        "SANE": 0,
        "VALID": 0,
        "total": 100.68434083511836
    }
}