{
    "counter": {
        "ACTIVE": 701,
        "INACTIVE": 1,
        "INVALID": 0,
        "MALICIOUS": 0,
        "SANE": 0,
        "VALID": 0,
        "total": 702
    },
    "percentage": {
        "ACTIVE": 99.85754985754986,
        "INACTIVE": 0.24630541871921183,
        "INVALID": 0,
        "MALICIOUS": 0,
        "SANE": 0,
        "VALID": 0,
        "total": 100.10385527626907
    }
}