{
    "counter": {
        "ACTIVE": 693,
        "INACTIVE": 1,
        "INVALID": 0,
        "MALICIOUS": 0,
        "SANE": 0,
        "VALID": 0,
        "total": 694
    },
    "percentage": {
        "ACTIVE": 99.85590778097983,
        "INACTIVE": 0.5181347150259067,
        "INVALID": 0,
        "MALICIOUS": 0,
        "SANE": 0,
        "VALID": 0,
        "total": 100.37404249600574
    }
}