{
    "counter": {
        "ACTIVE": 696,
        "INACTIVE": 2,
        "INVALID": 0,
        "MALICIOUS": 0,
        "SANE": 0,
        "VALID": 0,
        "total": 698
    },
    "percentage": {
        "ACTIVE": 99.7134670487106,
        "INACTIVE": 1.2987012987012987,
        "INVALID": 0,
        "MALICIOUS": 0,
        "SANE": 0,
        "VALID": 0,
        "total": 101.0121683474119
    }
}