{
    "counter": {
        "ACTIVE": 705,
        "INACTIVE": 2,
        "INVALID": 0,
        "MALICIOUS": 0,
        "SANE": 0,
        "VALID": 0,
        "total": 707
    },
    "percentage": {
        "ACTIVE": 99.71711456859971,
        "INACTIVE": 1.8518518518518519,
        "INVALID": 0,
        "MALICIOUS": 0,
        "SANE": 0,
        "VALID": 0,
        "total": 101.56896642045156
    }
}