{
    "counter": {
        "ACTIVE": 554,
        "INACTIVE": 5,
        "INVALID": 0,
        "MALICIOUS": 0,
        "SANE": 0,
        "VALID": 0,
        "total": 559
    },
    "percentage": {
        "ACTIVE": 99.10554561717352,
        "INACTIVE": 0.9803921568627451,
        "INVALID": 0,
        "MALICIOUS": 0,
        "SANE": 0,
        "VALID": 0,
        "total": 100.08593777403627
    }
}